{"overall": {"count": 5034, "em": 0.6916964640444975, "f1": 0.717547165434557}, "answerable": {"count": 3524, "em": 0.5777525539160046, "f1": 0.614680031440852}, "unanswerable": {"count": 1510, "em": 0.9576158940397351, "f1": 0.9576158940397351}, "answerable accuracy": 0.7943980929678188}