{"overall": {"count": 5034, "em": 0.5564163686928884, "f1": 0.5704136912468359}, "answerable": {"count": 3524, "em": 0.3845062429057889, "f1": 0.4045012831261553}, "unanswerable": {"count": 1510, "em": 0.9576158940397351, "f1": 0.9576158940397351}, "answerable accuracy": 0.621176003178387}