{"overall": {"count": 5034, "em": 0.48748510131108463, "f1": 0.4967631242039354}, "answerable": {"count": 3524, "em": 0.2854710556186152, "f1": 0.2987246218055077}, "unanswerable": {"count": 1510, "em": 0.9589403973509933, "f1": 0.9589403973509933}, "answerable accuracy": 0.5361541517679778}