{"overall": {"count": 5034, "em": 0.4312673818037346, "f1": 0.43750864219956437}, "answerable": {"count": 3524, "em": 0.20402951191827468, "f1": 0.2129450921772436}, "unanswerable": {"count": 1510, "em": 0.9615894039735099, "f1": 0.9615894039735099}, "answerable accuracy": 0.46722288438617404}