{"overall": {"count": 5034, "em": 0.3686928883591577, "f1": 0.37245290057811964}, "answerable": {"count": 3524, "em": 0.11322360953461975, "f1": 0.11859475071233104}, "unanswerable": {"count": 1510, "em": 0.9649006622516556, "f1": 0.9649006622516556}, "answerable accuracy": 0.38974970202622167}